lambda1,lambda2,loss
0.01,0.01,2.1610046797128803
0.01,0.01373823795883263,2.1776036347447194
0.01,0.018873918221350976,2.202529623618824
0.01,0.02592943797404667,2.226599632330316
0.01,0.035622478902624426,2.266693805371285
0.01,0.04893900918477494,2.3186005056155836
0.01,0.06723357536499334,2.3840409789600443
0.01,0.09236708571873861,2.4648457047490147
0.01,0.12689610031679222,2.559620404645004
0.01,0.17433288221999882,2.6650922652533344
0.01,0.2395026619987486,2.7764725485077135
0.01,0.32903445623126676,2.8870752648397118
0.01,0.4520353656360243,2.9913860754966417
0.01,0.6210169418915616,3.085561636612975
0.01,0.8531678524172805,3.167717850079332
0.01,1.1721022975334805,3.2375619053473637
0.01,1.6102620275609392,3.29579280619969
0.01,2.212216291070448,3.3435739300910563
0.01,3.039195382313198,3.3822090354649497
0.01,4.175318936560401,3.4129958791343187
0.01,5.736152510448681,3.4371745129230105
0.01,7.880462815669913,3.455901239275672
0.01,10.82636733874054,3.4702238382633523
0.01,14.873521072935118,3.481059749563989
0.01,20.433597178569418,3.4891844484458288
0.01,28.072162039411758,3.4952326248760506
0.01,38.56620421163472,3.499709764701285
0.01,52.98316906283707,3.503009698285541
0.01,72.78953843983146,3.5054340428650916
0.01,100.0,3.5072107835227184
0.01373823795883263,0.01,2.1602187132296176
0.01373823795883263,0.01373823795883263,2.1769046871918607
0.01373823795883263,0.018873918221350976,2.1983474368888016
0.01373823795883263,0.02592943797404667,2.2277690050443075
0.01373823795883263,0.035622478902624426,2.266642729374003
0.01373823795883263,0.04893900918477494,2.3193116504595492
0.01373823795883263,0.06723357536499334,2.3842506497145757
0.01373823795883263,0.09236708571873861,2.464937204667704
0.01373823795883263,0.12689610031679222,2.5594199648626748
0.01373823795883263,0.17433288221999882,2.665177409822485
0.01373823795883263,0.2395026619987486,2.7765563912050166
0.01373823795883263,0.32903445623126676,2.887149111917553
0.01373823795883263,0.4520353656360243,2.9914231410781844
0.01373823795883263,0.6210169418915616,3.0855848571133935
0.01373823795883263,0.8531678524172805,3.1677172841544388
0.01373823795883263,1.1721022975334805,3.2375402742765873
0.01373823795883263,1.6102620275609392,3.2957496465370726
0.01373823795883263,2.212216291070448,3.3435113833626944
0.01373823795883263,3.039195382313198,3.382129400202963
0.01373823795883263,4.175318936560401,3.412901705666046
0.01373823795883263,5.736152510448681,3.4370683682631933
0.01373823795883263,7.880462815669913,3.4557854997475403
0.01373823795883263,10.82636733874054,3.4701005778198977
0.01373823795883263,14.873521072935118,3.480930698109084
0.01373823795883263,20.433597178569418,3.4890509998865076
0.01373823795883263,28.072162039411758,3.49509587332127
0.01373823795883263,38.56620421163472,3.499570552180657
0.01373823795883263,52.98316906283707,3.50286866336526
0.01373823795883263,72.78953843983146,3.505291664556528
0.01373823795883263,100.0,3.5070674182666353
0.018873918221350976,0.01,2.160387826944935
0.018873918221350976,0.01373823795883263,2.1786770404813525
0.018873918221350976,0.018873918221350976,2.2004999448668814
0.018873918221350976,0.02592943797404667,2.2269261278127326
0.018873918221350976,0.035622478902624426,2.2680417010641607
0.018873918221350976,0.04893900918477494,2.3191853372015125
0.018873918221350976,0.06723357536499334,2.384861174164483
0.018873918221350976,0.09236708571873861,2.465303075640173
0.018873918221350976,0.12689610031679222,2.5600236273290347
0.018873918221350976,0.17433288221999882,2.665292293764037
0.018873918221350976,0.2395026619987486,2.776658987179011
0.018873918221350976,0.32903445623126676,2.8872164827853477
0.018873918221350976,0.4520353656360243,2.9914877415551038
0.018873918221350976,0.6210169418915616,3.0856124642539005
0.018873918221350976,0.8531678524172805,3.1677203998477106
0.018873918221350976,1.1721022975334805,3.2375101352024367
0.018873918221350976,1.6102620275609392,3.295690728666055
0.018873918221350976,2.212216291070448,3.3434259301500986
0.018873918221350976,3.039195382313198,3.382020433637461
0.018873918221350976,4.175318936560401,3.412772769122436
0.018873918221350976,5.736152510448681,3.4369229873970633
0.018873918221350976,7.880462815669913,3.4556269393359997
0.018873918221350976,10.82636733874054,3.4699316866759964
0.018873918221350976,14.873521072935118,3.4807538524630566
0.018873918221350976,20.433597178569418,3.488868114420323
0.018873918221350976,28.072162039411758,3.4949084509026584
0.018873918221350976,38.56620421163472,3.4993797494162293
0.018873918221350976,52.98316906283707,3.5026753573828984
0.018873918221350976,72.78953843983146,3.505096513319864
0.018873918221350976,100.0,3.5068709113772045
0.02592943797404667,0.01,2.1671753855743114
0.02592943797404667,0.01373823795883263,2.180084033658308
0.02592943797404667,0.018873918221350976,2.1989860207550027
0.02592943797404667,0.02592943797404667,2.229542157920784
0.02592943797404667,0.035622478902624426,2.2671045990972742
0.02592943797404667,0.04893900918477494,2.3196995329073333
0.02592943797404667,0.06723357536499334,2.386194575039217
0.02592943797404667,0.09236708571873861,2.4658195867958232
0.02592943797404667,0.12689610031679222,2.560420765529105
0.02592943797404667,0.17433288221999882,2.6654760579899315
0.02592943797404667,0.2395026619987486,2.7768211803827896
0.02592943797404667,0.32903445623126676,2.8873402992423474
0.02592943797404667,0.4520353656360243,2.9915713157752037
0.02592943797404667,0.6210169418915616,3.0856562817240905
0.02592943797404667,0.8531678524172805,3.1677207676879746
0.02592943797404667,1.1721022975334805,3.2374700777343812
0.02592943797404667,1.6102620275609392,3.2956107727419215
0.02592943797404667,2.212216291070448,3.3433093298251295
0.02592943797404667,3.039195382313198,3.3818715619525705
0.02592943797404667,4.175318936560401,3.4125964644994866
0.02592943797404667,5.736152510448681,3.4367240963602095
0.02592943797404667,7.880462815669913,3.455409945744684
0.02592943797404667,10.82636733874054,3.4697005036432307
0.02592943797404667,14.873521072935118,3.480511743849822
0.02592943797404667,20.433597178569418,3.4886177100958653
0.02592943797404667,28.072162039411758,3.4946518150796684
0.02592943797404667,38.56620421163472,3.499118470702804
0.02592943797404667,52.98316906283707,3.5024106405159285
0.02592943797404667,72.78953843983146,3.5048292620110573
0.02592943797404667,100.0,3.506601798091868
0.035622478902624426,0.01,2.1661290417428445
0.035622478902624426,0.01373823795883263,2.1795358723490112
0.035622478902624426,0.018873918221350976,2.2015172152925127
0.035622478902624426,0.02592943797404667,2.228959296143361
0.035622478902624426,0.035622478902624426,2.2695908214553646
0.035622478902624426,0.04893900918477494,2.3203709994750357
0.035622478902624426,0.06723357536499334,2.3865445138932735
0.035622478902624426,0.09236708571873861,2.466826325194304
0.035622478902624426,0.12689610031679222,2.5609113535156602
0.035622478902624426,0.17433288221999882,2.6656182092315146
0.035622478902624426,0.2395026619987486,2.776972339802037
0.035622478902624426,0.32903445623126676,2.887495090923433
0.035622478902624426,0.4520353656360243,2.991686733895734
0.035622478902624426,0.6210169418915616,3.0857184599939322
0.035622478902624426,0.8531678524172805,3.167724465268077
0.035622478902624426,1.1721022975334805,3.2374167864124788
0.035622478902624426,1.6102620275609392,3.2955024583868218
0.035622478902624426,2.212216291070448,3.343150712292612
0.035622478902624426,3.039195382313198,3.381668596000302
0.035622478902624426,4.175318936560401,3.4123558234680127
0.035622478902624426,5.736152510448681,3.4364524340342877
0.035622478902624426,7.880462815669913,3.455113421086274
0.035622478902624426,10.82636733874054,3.4693844911692815
0.035622478902624426,14.873521072935118,3.4801807262800475
0.035622478902624426,20.433597178569418,3.488275299337294
0.035622478902624426,28.072162039411758,3.494300846123425
0.035622478902624426,38.56620421163472,3.498761125326471
0.035622478902624426,52.98316906283707,3.502048573282978
0.035622478902624426,72.78953843983146,3.5044637140575032
0.035622478902624426,100.0,3.506233692962809
0.04893900918477494,0.01,2.1693634915227906
0.04893900918477494,0.01373823795883263,2.1842970686687133
0.04893900918477494,0.018873918221350976,2.2036737088920737
0.04893900918477494,0.02592943797404667,2.232253466680926
0.04893900918477494,0.035622478902624426,2.270868098949633
0.04893900918477494,0.04893900918477494,2.3219869141261684
0.04893900918477494,0.06723357536499334,2.3868987843577267
0.04893900918477494,0.09236708571873861,2.4682949273881234
0.04893900918477494,0.12689610031679222,2.561612321347587
0.04893900918477494,0.17433288221999882,2.6659125316366894
0.04893900918477494,0.2395026619987486,2.777263806448272
0.04893900918477494,0.32903445623126676,2.8877174539622876
0.04893900918477494,0.4520353656360243,2.9918469961587957
0.04893900918477494,0.6210169418915616,3.085806912268716
0.04893900918477494,0.8531678524172805,3.167733345604105
0.04893900918477494,1.1721022975334805,3.2373462485006024
0.04893900918477494,1.6102620275609392,3.2953565360175445
0.04893900918477494,2.212216291070448,3.342935677667703
0.04893900918477494,3.039195382313198,3.3813927054077197
0.04893900918477494,4.175318936560401,3.412028189039863
0.04893900918477494,5.736152510448681,3.436082198014026
0.04893900918477494,7.880462815669913,3.454709042432743
0.04893900918477494,10.82636733874054,3.468953350964599
0.04893900918477494,14.873521072935118,3.4797289806386376
0.04893900918477494,20.433597178569418,3.487807908363616
0.04893900918477494,28.072162039411758,3.4938217029472973
0.04893900918477494,38.56620421163472,3.4982732260235196
0.04893900918477494,52.98316906283707,3.5015541899263822
0.04893900918477494,72.78953843983146,3.5039645509857578
0.04893900918477494,100.0,3.5057310183908603
0.06723357536499334,0.01,2.1679109900432727
0.06723357536499334,0.01373823795883263,2.183255076305694
0.06723357536499334,0.018873918221350976,2.2041998982250344
0.06723357536499334,0.02592943797404667,2.232397436124973
0.06723357536499334,0.035622478902624426,2.273041969786691
0.06723357536499334,0.04893900918477494,2.3239986291864683
0.06723357536499334,0.06723357536499334,2.38952082136841
0.06723357536499334,0.09236708571873861,2.470140121176646
0.06723357536499334,0.12689610031679222,2.562694248292426
0.06723357536499334,0.17433288221999882,2.666469496603069
0.06723357536499334,0.2395026619987486,2.7776275830093278
0.06723357536499334,0.32903445623126676,2.888032784211432
0.06723357536499334,0.4520353656360243,2.992062950881834
0.06723357536499334,0.6210169418915616,3.0859290833885824
0.06723357536499334,0.8531678524172805,3.1677496134721244
0.06723357536499334,1.1721022975334805,3.2372546300778993
0.06723357536499334,1.6102620275609392,3.29516175399758
0.06723357536499334,2.212216291070448,3.3426458223533486
0.06723357536499334,3.039195382313198,3.3810192364404124
0.06723357536499334,4.175318936560401,3.4115836713738146
0.06723357536499334,5.736152510448681,3.435579183690188
0.06723357536499334,7.880462815669913,3.4541591482166822
0.06723357536499334,10.82636733874054,3.468366712380528
0.06723357536499334,14.873521072935118,3.4791140506519085
0.06723357536499334,20.433597178569418,3.4871714974731383
0.06723357536499334,28.072162039411758,3.493169156516216
0.06723357536499334,38.56620421163472,3.4976086576738057
0.06723357536499334,52.98316906283707,3.5008807191884905
0.06723357536499334,72.78953843983146,3.5032845178790657
0.06723357536499334,100.0,3.5050461641372292
0.09236708571873861,0.01,2.17435968460052
0.09236708571873861,0.01373823795883263,2.183624100165105
0.09236708571873861,0.018873918221350976,2.2108891150064824
0.09236708571873861,0.02592943797404667,2.236429947804667
0.09236708571873861,0.035622478902624426,2.27691945380879
0.09236708571873861,0.04893900918477494,2.327746365564157
0.09236708571873861,0.06723357536499334,2.3923596499680917
0.09236708571873861,0.09236708571873861,2.4721822016815787
0.09236708571873861,0.12689610031679222,2.5639919592235816
0.09236708571873861,0.17433288221999882,2.6669308822414086
0.09236708571873861,0.2395026619987486,2.778153934720564
0.09236708571873861,0.32903445623126676,2.888481709050752
0.09236708571873861,0.4520353656360243,2.992391077519713
0.09236708571873861,0.6210169418915616,3.086109991015283
0.09236708571873861,0.8531678524172805,3.1677824629557714
0.09236708571873861,1.1721022975334805,3.2371396793730476
0.09236708571873861,1.6102620275609392,3.2949043325393235
0.09236708571873861,2.212216291070448,3.3422580477441897
0.09236708571873861,3.039195382313198,3.3805166552929946
0.09236708571873861,4.175318936560401,3.410983539964183
0.09236708571873861,5.736152510448681,3.4348987466289316
0.09236708571873861,7.880462815669913,3.4534143557384964
0.09236708571873861,10.82636733874054,3.46757147978717
0.09236708571873861,14.873521072935118,3.478279982434041
0.09236708571873861,20.433597178569418,3.4863079428637898
0.09236708571873861,28.072162039411758,3.4922834532303
0.09236708571873861,38.56620421163472,3.4967064524638274
0.09236708571873861,52.98316906283707,3.49996629415782
0.09236708571873861,72.78953843983146,3.502361085081527
0.09236708571873861,100.0,3.5041161136626684
0.12689610031679222,0.01,2.176999068243126
0.12689610031679222,0.01373823795883263,2.190069913630265
0.12689610031679222,0.018873918221350976,2.213616542272227
0.12689610031679222,0.02592943797404667,2.238949550037157
0.12689610031679222,0.035622478902624426,2.280014319191669
0.12689610031679222,0.04893900918477494,2.3291170501046894
0.12689610031679222,0.06723357536499334,2.394960124397333
0.12689610031679222,0.09236708571873861,2.4751207290511505
0.12689610031679222,0.12689610031679222,2.5656490927833078
0.12689610031679222,0.17433288221999882,2.6678126294514013
0.12689610031679222,0.2395026619987486,2.778912243964582
0.12689610031679222,0.32903445623126676,2.889092951384993
0.12689610031679222,0.4520353656360243,2.9928459318062157
0.12689610031679222,0.6210169418915616,3.086380045939147
0.12689610031679222,0.8531678524172805,3.167848425190515
0.12689610031679222,1.1721022975334805,3.2370009937811455
0.12689610031679222,1.6102620275609392,3.2945702050687844
0.12689610031679222,2.212216291070448,3.3417449816327847
0.12689610031679222,3.039195382313198,3.379845996788893
0.12689610031679222,4.175318936560401,3.410178992664364
0.12689610031679222,5.736152510448681,3.433983982579295
0.12689610031679222,7.880462815669913,3.4524112716691633
0.12689610031679222,10.82636733874054,3.4664991757117334
0.12689610031679222,14.873521072935118,3.4771543850304516
0.12689610031679222,20.433597178569418,3.4851418827558427
0.12689610031679222,28.072162039411758,3.4910870000623313
0.12689610031679222,38.56620421163472,3.4954873551227266
0.12689610031679222,52.98316906283707,3.4987304287388468
0.12689610031679222,72.78953843983146,3.501112859246033
0.12689610031679222,100.0,3.5028588071185647
0.17433288221999882,0.01,2.183024310977313
0.17433288221999882,0.01373823795883263,2.1970752563104203
0.17433288221999882,0.018873918221350976,2.21720931350185
0.17433288221999882,0.02592943797404667,2.2422060168659557
0.17433288221999882,0.035622478902624426,2.28441778406693
0.17433288221999882,0.04893900918477494,2.3344761029227135
0.17433288221999882,0.06723357536499334,2.4001286117777125
0.17433288221999882,0.09236708571873861,2.480125016314079
0.17433288221999882,0.12689610031679222,2.5676084198108833
0.17433288221999882,0.17433288221999882,2.668929914672126
0.17433288221999882,0.2395026619987486,2.779977719031403
0.17433288221999882,0.32903445623126676,2.88998393608638
0.17433288221999882,0.4520353656360243,2.993524013136056
0.17433288221999882,0.6210169418915616,3.0867867256878294
0.17433288221999882,0.8531678524172805,3.1679758173499364
0.17433288221999882,1.1721022975334805,3.2368471975707904
0.17433288221999882,1.6102620275609392,3.2941481100882917
0.17433288221999882,2.212216291070448,3.3410772920455605
0.17433288221999882,3.039195382313198,3.378962013816005
0.17433288221999882,4.175318936560401,3.4091112967730863
0.17433288221999882,5.736152510448681,3.432765074850548
0.17433288221999882,7.880462815669913,3.4510712032747692
0.17433288221999882,10.82636733874054,3.465064154333672
0.17433288221999882,14.873521072935118,3.475646261210285
0.17433288221999882,20.433597178569418,3.483578257888282
0.17433288221999882,28.072162039411758,3.4894816871462817
0.17433288221999882,38.56620421163472,3.4938509832372473
0.17433288221999882,52.98316906283707,3.4970710578441846
0.17433288221999882,72.78953843983146,3.4994365350011982
0.17433288221999882,100.0,3.5011700279895783
0.2395026619987486,0.01,2.192554605449639
0.2395026619987486,0.01373823795883263,2.2105810845930525
0.2395026619987486,0.018873918221350976,2.2243192121726336
0.2395026619987486,0.02592943797404667,2.2523995507899137
0.2395026619987486,0.035622478902624426,2.2914262398722425
0.2395026619987486,0.04893900918477494,2.3422719173905953
0.2395026619987486,0.06723357536499334,2.4072574271497396
0.2395026619987486,0.09236708571873861,2.485663928998636
0.2395026619987486,0.12689610031679222,2.5694328345991613
0.2395026619987486,0.17433288221999882,2.6706550503785547
0.2395026619987486,0.2395026619987486,2.78152195807143
0.2395026619987486,0.32903445623126676,2.8912967529389415
0.2395026619987486,0.4520353656360243,2.994508790353025
0.2395026619987486,0.6210169418915616,3.087415871931616
0.2395026619987486,0.8531678524172805,3.1682190222943754
0.2395026619987486,1.1721022975334805,3.2367056759799326
0.2395026619987486,1.6102620275609392,3.2936380780993444
0.2395026619987486,2.212216291070448,3.3402300954243587
0.2395026619987486,3.039195382313198,3.3778181332139376
0.2395026619987486,4.175318936560401,3.4077154564830607
0.2395026619987486,5.736152510448681,3.431161885541273
0.2395026619987486,7.880462815669913,3.4493018919179583
0.2395026619987486,10.82636733874054,3.4631646644051535
0.2395026619987486,14.873521072935118,3.4736465550601436
0.2395026619987486,20.433597178569418,3.4815024683737783
0.2395026619987486,28.072162039411758,3.4873487514134234
0.2395026619987486,38.56620421163472,3.4916754725764747
0.2395026619987486,52.98316906283707,3.494864021138986
0.2395026619987486,72.78953843983146,3.4972062596309903
0.2395026619987486,100.0,3.498922680323722
0.32903445623126676,0.01,2.2042714464507256
0.32903445623126676,0.01373823795883263,2.216204092393444
0.32903445623126676,0.018873918221350976,2.2336571395870535
0.32903445623126676,0.02592943797404667,2.2629238572886115
0.32903445623126676,0.035622478902624426,2.301651833644973
0.32903445623126676,0.04893900918477494,2.3519211248299903
0.32903445623126676,0.06723357536499334,2.4163698108121343
0.32903445623126676,0.09236708571873861,2.493151417242855
0.32903445623126676,0.12689610031679222,2.5722779173411334
0.32903445623126676,0.17433288221999882,2.6731447478512704
0.32903445623126676,0.2395026619987486,2.783812370369464
0.32903445623126676,0.32903445623126676,2.8932273114699685
0.32903445623126676,0.4520353656360243,2.9959992769172876
0.32903445623126676,0.6210169418915616,3.088408883100157
0.32903445623126676,0.8531678524172805,3.1686847928869506
0.32903445623126676,1.1721022975334805,3.2366423076633994
0.32903445623126676,1.6102620275609392,3.2930690415657247
0.32903445623126676,2.212216291070448,3.3391985362216965
0.32903445623126676,3.039195382313198,3.3763798043089652
0.32903445623126676,4.175318936560401,3.4059317949395584
0.32903445623126676,5.736152510448681,3.429094098956294
0.32903445623126676,7.880462815669913,3.447006508113465
0.32903445623126676,10.82636733874054,3.4606909479649772
0.32903445623126676,14.873521072935118,3.4710355624370814
0.32903445623126676,20.433597178569418,3.478787262591171
0.32903445623126676,28.072162039411758,3.4845552742577595
0.32903445623126676,38.56620421163472,3.4888236835630964
0.32903445623126676,52.98316906283707,3.491969054035356
0.32903445623126676,72.78953843983146,3.494279465314267
0.32903445623126676,100.0,3.495972504384401
0.4520353656360243,0.01,2.222686892444845
0.4520353656360243,0.01373823795883263,2.233673746154145
0.4520353656360243,0.018873918221350976,2.2528349016328075
0.4520353656360243,0.02592943797404667,2.2783897143604315
0.4520353656360243,0.035622478902624426,2.31710035076008
0.4520353656360243,0.04893900918477494,2.366842245756566
0.4520353656360243,0.06723357536499334,2.429019759762652
0.4520353656360243,0.09236708571873861,2.5014806448756604
0.4520353656360243,0.12689610031679222,2.5762883337908744
0.4520353656360243,0.17433288221999882,2.6768244550011904
0.4520353656360243,0.2395026619987486,2.787191962762041
0.4520353656360243,0.32903445623126676,2.896143673568697
0.4520353656360243,0.4520353656360243,2.998308945287234
0.4520353656360243,0.6210169418915616,3.0900276862962346
0.4520353656360243,0.8531678524172805,3.169573887116745
0.4520353656360243,1.1721022975334805,3.2368022626367647
0.4520353656360243,1.6102620275609392,3.2925354806130143
0.4520353656360243,2.212216291070448,3.3380311243218466
0.4520353656360243,3.039195382313198,3.3746551207947943
0.4520353656360243,4.175318936560401,3.4037342268837634
0.4520353656360243,5.736152510448681,3.426507580780471
0.4520353656360243,7.880462815669913,3.4441084915116362
0.4520353656360243,10.82636733874054,3.457548895904573
0.4520353656360243,14.873521072935118,3.467705678174833
0.4520353656360243,20.433597178569418,3.4753147966331426
0.4520353656360243,28.072162039411758,3.4809757254079137
0.4520353656360243,38.56620421163472,3.4851643615674135
0.4520353656360243,52.98316906283707,3.488250664238739
0.4520353656360243,72.78953843983146,3.4905175366655294
0.4520353656360243,100.0,3.492178590725981
0.6210169418915616,0.01,2.2474295372282245
0.6210169418915616,0.01373823795883263,2.261345555099364
0.6210169418915616,0.018873918221350976,2.2806165758976165
0.6210169418915616,0.02592943797404667,2.301824216623018
0.6210169418915616,0.035622478902624426,2.3409748149562484
0.6210169418915616,0.04893900918477494,2.3873584569184145
0.6210169418915616,0.06723357536499334,2.4443191292146675
0.6210169418915616,0.09236708571873861,2.5087662095837855
0.6210169418915616,0.12689610031679222,2.582852425285105
0.6210169418915616,0.17433288221999882,2.6825105850864497
0.6210169418915616,0.2395026619987486,2.792377992727284
0.6210169418915616,0.32903445623126676,2.900640225674819
0.6210169418915616,0.4520353656360243,3.0019545342770417
0.6210169418915616,0.6210169418915616,3.0927175208449014
0.6210169418915616,0.8531678524172805,3.171261370735544
0.6210169418915616,1.1721022975334805,3.2374902092240463
0.6210169418915616,1.6102620275609392,3.2922714650078158
0.6210169418915616,2.212216291070448,3.3368987221689514
0.6210169418915616,3.039195382313198,3.3727600655197136
0.6210169418915616,4.175318936560401,3.4011924163047573
0.6210169418915616,5.736152510448681,3.4234340416072135
0.6210169418915616,7.880462815669913,3.4406092357026323
0.6210169418915616,10.82636733874054,3.4537161943524515
0.6210169418915616,14.873521072935118,3.4636163647396288
0.6210169418915616,20.433597178569418,3.4710307124104745
0.6210169418915616,28.072162039411758,3.4765453740573
0.6210169418915616,38.56620421163472,3.4806250521574826
0.6210169418915616,52.98316906283707,3.483630680355181
0.6210169418915616,72.78953843983146,3.485838089372218
0.6210169418915616,100.0,3.4874554606528414
0.8531678524172805,0.01,2.2874012352043986
0.8531678524172805,0.01373823795883263,2.2985635799128645
0.8531678524172805,0.018873918221350976,2.311643693312994
0.8531678524172805,0.02592943797404667,2.334005996313225
0.8531678524172805,0.035622478902624426,2.368888341227388
0.8531678524172805,0.04893900918477494,2.4094849321153466
0.8531678524172805,0.06723357536499334,2.457562177237592
0.8531678524172805,0.09236708571873861,2.518636443824718
0.8531678524172805,0.12689610031679222,2.5927600253678276
0.8531678524172805,0.17433288221999882,2.6913358118735786
0.8531678524172805,0.2395026619987486,2.800478787498179
0.8531678524172805,0.32903445623126676,2.9077542996255854
0.8531678524172805,0.4520353656360243,3.0078793205788052
0.8531678524172805,0.6210169418915616,3.0973075278214064
0.8531678524172805,0.8531678524172805,3.174463538197444
0.8531678524172805,1.1721022975334805,3.2393169901144083
0.8531678524172805,1.6102620275609392,3.2927936696057287
0.8531678524172805,2.212216291070448,3.336232729407956
0.8531678524172805,3.039195382313198,3.371051893695139
0.8531678524172805,4.175318936560401,3.3986011956053757
0.8531678524172805,5.736152510448681,3.4201172640053237
0.8531678524172805,7.880462815669913,3.4367118021841874
0.8531678524172805,10.82636733874054,3.4493640925925306
0.8531678524172805,14.873521072935118,3.458914434641629
0.8531678524172805,20.433597178569418,3.4660632991021716
0.8531678524172805,28.072162039411758,3.471378612027091
0.8531678524172805,38.56620421163472,3.4753098016862083
0.8531678524172805,52.98316906283707,3.478205492518599
0.8531678524172805,72.78953843983146,3.4803318723316017
0.8531678524172805,100.0,3.481889719980876
1.1721022975334805,0.01,2.334440928837316
1.1721022975334805,0.01373823795883263,2.3365314104919195
1.1721022975334805,0.018873918221350976,2.3453676679526594
1.1721022975334805,0.02592943797404667,2.362834965783444
1.1721022975334805,0.035622478902624426,2.388631646516981
1.1721022975334805,0.04893900918477494,2.424900461300138
1.1721022975334805,0.06723357536499334,2.4730180704172535
1.1721022975334805,0.09236708571873861,2.5345223902092466
1.1721022975334805,0.12689610031679222,2.6085036400734154
1.1721022975334805,0.17433288221999882,2.7052755181115296
1.1721022975334805,0.2395026619987486,2.8134195549429024
1.1721022975334805,0.32903445623126676,2.919254083763417
1.1721022975334805,0.4520353656360243,3.0177125679523997
1.1721022975334805,0.6210169418915616,3.105292492649377
1.1721022975334805,0.8531678524172805,3.1805284885073624
1.1721022975334805,1.1721022975334805,3.2434913484121872
1.1721022975334805,1.6102620275609392,3.2951812793635433
1.1721022975334805,2.212216291070448,3.336997081509105
1.1721022975334805,3.039195382313198,3.3703949441242287
1.1721022975334805,4.175318936560401,3.396741437223426
1.1721022975334805,5.736152510448681,3.417270051454748
1.1721022975334805,7.880462815669913,3.4330748047694355
1.1721022975334805,10.82636733874054,3.44510893007856
1.1721022975334805,14.873521072935118,3.454183786678702
1.1721022975334805,20.433597178569418,3.4609718828527107
1.1721022975334805,28.072162039411758,3.4660163390544825
1.1721022975334805,38.56620421163472,3.46974579801459
1.1721022975334805,52.98316906283707,3.472492143770237
1.1721022975334805,72.78953843983146,3.474508455157023
1.1721022975334805,100.0,3.4759854504031034
1.6102620275609392,0.01,2.3572941580593225
1.6102620275609392,0.01373823795883263,2.365933428697344
1.6102620275609392,0.018873918221350976,2.3716996782944015
1.6102620275609392,0.02592943797404667,2.38556419622974
1.6102620275609392,0.035622478902624426,2.411395432283105
1.6102620275609392,0.04893900918477494,2.45058788079459
1.6102620275609392,0.06723357536499334,2.4998705977583557
1.6102620275609392,0.09236708571873861,2.5611150972457812
1.6102620275609392,0.12689610031679222,2.6347343024163234
1.6102620275609392,0.17433288221999882,2.728207600513265
1.6102620275609392,0.2395026619987486,2.8346525847047808
1.6102620275609392,0.32903445623126676,2.938410163233256
1.6102620275609392,0.4520353656360243,3.034445277111515
1.6102620275609392,0.6210169418915616,3.1194292586903996
1.6102620275609392,0.8531678524172805,3.1920067122723546
1.6102620275609392,1.1721022975334805,3.2523691232015417
1.6102620275609392,1.6102620275609392,3.301613647300318
1.6102620275609392,2.212216291070448,3.341216619087619
1.6102620275609392,3.039195382313198,3.3726816731486666
1.6102620275609392,4.175318936560401,3.3973952543783588
1.6102620275609392,5.736152510448681,3.4165848952384694
1.6102620275609392,7.880462815669913,3.4313195980637574
1.6102620275609392,10.82636733874054,3.4425166828952647
1.6102620275609392,14.873521072935118,3.450947964142049
1.6102620275609392,20.433597178569418,3.4572479001890444
1.6102620275609392,28.072162039411758,3.461925934247032
1.6102620275609392,38.56620421163472,3.46538252808314
1.6102620275609392,52.98316906283707,3.4679268887515113
1.6102620275609392,72.78953843983146,3.4697943474396764
1.6102620275609392,100.0,3.4711620069964226
2.212216291070448,0.01,2.403001622006644
2.212216291070448,0.01373823795883263,2.4100419559134196
2.212216291070448,0.018873918221350976,2.4212085506090504
2.212216291070448,0.02592943797404667,2.433441334202093
2.212216291070448,0.035622478902624426,2.45698446529943
2.212216291070448,0.04893900918477494,2.4943182791396814
2.212216291070448,0.06723357536499334,2.5440092252496593
2.212216291070448,0.09236708571873861,2.6048965240061137
2.212216291070448,0.12689610031679222,2.677431098135062
2.212216291070448,0.17433288221999882,2.7664897929775147
2.212216291070448,0.2395026619987486,2.870314937174112
2.212216291070448,0.32903445623126676,2.970981242887646
2.212216291070448,0.4520353656360243,3.063510023677728
2.212216291070448,0.6210169418915616,3.1448267233735265
2.212216291070448,0.8531678524172805,3.21370904610855
2.212216291070448,1.1721022975334805,3.2704927295775206
2.212216291070448,1.6102620275609392,3.316400133787213
2.212216291070448,2.212216291070448,3.352995560507022
2.212216291070448,3.039195382313198,3.38184263938674
2.212216291070448,4.175318936560401,3.4043497425468225
2.212216291070448,5.736152510448681,3.421733115251702
2.212216291070448,7.880462815669913,3.4350260204299525
2.212216291070448,10.82636733874054,3.4450962031424672
2.212216291070448,14.873521072935118,3.4526615534416267
2.212216291070448,20.433597178569418,3.45830494594911
2.212216291070448,28.072162039411758,3.462490314649272
2.212216291070448,38.56620421163472,3.4655801128461263
2.212216291070448,52.98316906283707,3.4678529999836814
2.212216291070448,72.78953843983146,3.4695204191693683
2.212216291070448,100.0,3.4707411572058127
3.039195382313198,0.01,2.471863258771463
3.039195382313198,0.01373823795883263,2.4791009888271427
3.039195382313198,0.018873918221350976,2.4853124995731743
3.039195382313198,0.02592943797404667,2.5097538476061336
3.039195382313198,0.035622478902624426,2.5370518195726537
3.039195382313198,0.04893900918477494,2.5713624415687675
3.039195382313198,0.06723357536499334,2.618067482222834
3.039195382313198,0.09236708571873861,2.6799369282712626
3.039195382313198,0.12689610031679222,2.750071154258617
3.039195382313198,0.17433288221999882,2.8329757060233023
3.039195382313198,0.2395026619987486,2.9316853961058897
3.039195382313198,0.32903445623126676,3.027485807924413
3.039195382313198,0.4520353656360243,3.114920542968558
3.039195382313198,0.6210169418915616,3.1910006352102154
3.039195382313198,0.8531678524172805,3.254725037372233
3.039195382313198,1.1721022975334805,3.3065867525531063
3.039195382313198,1.6102620275609392,3.347943421358361
3.039195382313198,2.212216291070448,3.380468156205489
3.039195382313198,3.039195382313198,3.4057891609461044
3.039195382313198,4.175318936560401,3.425334515362586
3.039195382313198,5.736152510448681,3.440299142333397
3.039195382313198,7.880462815669913,3.4516646152777652
3.039195382313198,10.82636733874054,3.4602301261154396
3.039195382313198,14.873521072935118,3.4666402436041013
3.039195382313198,20.433597178569418,3.471408277840193
3.039195382313198,28.072162039411758,3.4749370706059133
3.039195382313198,38.56620421163472,3.477538193066215
3.039195382313198,52.98316906283707,3.479449482464416
3.039195382313198,72.78953843983146,3.480850496382017
3.039195382313198,100.0,3.481875592959324
4.175318936560401,0.01,2.5862230317057775
4.175318936560401,0.01373823795883263,2.5922262442251087
4.175318936560401,0.018873918221350976,2.5974646332325855
4.175318936560401,0.02592943797404667,2.6127765882024976
4.175318936560401,0.035622478902624426,2.642944887512047
4.175318936560401,0.04893900918477494,2.6859476275563106
4.175318936560401,0.06723357536499334,2.732809580440172
4.175318936560401,0.09236708571873861,2.7941000873370574
4.175318936560401,0.12689610031679222,2.8677130381658307
4.175318936560401,0.17433288221999882,2.9474808562989483
4.175318936560401,0.2395026619987486,3.03920706260678
4.175318936560401,0.32903445623126676,3.127437893807241
4.175318936560401,0.4520353656360243,3.207199594093556
4.175318936560401,0.6210169418915616,3.2757394322410294
4.175318936560401,0.8531678524172805,3.3322208368786113
4.175318936560401,1.1721022975334805,3.377297709061716
4.175318936560401,1.6102620275609392,3.41247212936265
4.175318936560401,2.212216291070448,3.4395201340025623
4.175318936560401,3.039195382313198,3.4601300593466355
4.175318936560401,4.175318936560401,3.4757377888467693
4.175318936560401,5.736152510448681,3.4874979146480216
4.175318936560401,7.880462815669913,3.4963161157734666
4.175318936560401,10.82636733874054,3.5028965610508473
4.175318936560401,14.873521072935118,3.5077845255358495
4.175318936560401,20.433597178569418,3.5114002082043343
4.175318936560401,28.072162039411758,3.5140652188620103
4.175318936560401,38.56620421163472,3.5160237448558354
4.175318936560401,52.98316906283707,3.5174597016669047
4.175318936560401,72.78953843983146,3.5185106017506884
4.175318936560401,100.0,3.519278628590694
5.736152510448681,0.01,2.8020625116919655
5.736152510448681,0.01373823795883263,2.808632867147467
5.736152510448681,0.018873918221350976,2.802001289294877
5.736152510448681,0.02592943797404667,2.805950143352889
5.736152510448681,0.035622478902624426,2.8311132976874473
5.736152510448681,0.04893900918477494,2.871840031115974
5.736152510448681,0.06723357536499334,2.9211561062228313
5.736152510448681,0.09236708571873861,2.9773917378283725
5.736152510448681,0.12689610031679222,3.0451070486956384
5.736152510448681,0.17433288221999882,3.12044700051867
5.736152510448681,0.2395026619987486,3.20687409835818
5.736152510448681,0.32903445623126676,3.2907205176847136
5.736152510448681,0.4520353656360243,3.365148428977559
5.736152510448681,0.6210169418915616,3.4273507622110215
5.736152510448681,0.8531678524172805,3.476568924568986
5.736152510448681,1.1721022975334805,3.513861182244935
5.736152510448681,1.6102620275609392,3.5411239265968133
5.736152510448681,2.212216291070448,3.560866484477468
5.736152510448681,3.039195382313198,3.57525546084774
5.736152510448681,4.175318936560401,3.5857013938726525
5.736152510448681,5.736152510448681,3.593282623315588
5.736152510448681,7.880462815669913,3.598791345249917
5.736152510448681,10.82636733874054,3.602799593324974
5.736152510448681,14.873521072935118,3.6057189424111273
5.736152510448681,20.433597178569418,3.6078463129502594
5.736152510448681,28.072162039411758,3.609396808403351
5.736152510448681,38.56620421163472,3.6105267974846575
5.736152510448681,52.98316906283707,3.611350194854231
5.736152510448681,72.78953843983146,3.6119500721225606
5.736152510448681,100.0,3.6123870264283533
7.880462815669913,0.01,3.15984485622105
7.880462815669913,0.01373823795883263,3.1580450386932415
7.880462815669913,0.018873918221350976,3.1613316219544734
7.880462815669913,0.02592943797404667,3.166657834745346
7.880462815669913,0.035622478902624426,3.1812945923749263
7.880462815669913,0.04893900918477494,3.2051041092236234
7.880462815669913,0.06723357536499334,3.2442994156958163
7.880462815669913,0.09236708571873861,3.3014420527138966
7.880462815669913,0.12689610031679222,3.361215492106548
7.880462815669913,0.17433288221999882,3.4263029193206274
7.880462815669913,0.2395026619987486,3.4957598680123176
7.880462815669913,0.32903445623126676,3.571793486880442
7.880462815669913,0.4520353656360243,3.6378047847444277
7.880462815669913,0.6210169418915616,3.6883588328650534
7.880462815669913,0.8531678524172805,3.727449413833066
7.880462815669913,1.1721022975334805,3.7560866766480734
7.880462815669913,1.6102620275609392,3.776137342792707
7.880462815669913,2.212216291070448,3.7896777507056507
7.880462815669913,3.039195382313198,3.798586120007515
7.880462815669913,4.175318936560401,3.804356423661175
7.880462815669913,5.736152510448681,3.8080732922711205
7.880462815669913,7.880462815669913,3.8104744902363814
7.880462815669913,10.82636733874054,3.8120401623160065
7.880462815669913,14.873521072935118,3.813074586582121
7.880462815669913,20.433597178569418,3.8137465085515863
7.880462815669913,28.072162039411758,3.814187925832539
7.880462815669913,38.56620421163472,3.814483727561502
7.880462815669913,52.98316906283707,3.814682086258318
7.880462815669913,72.78953843983146,3.8148184086396904
7.880462815669913,100.0,3.8149147817843376
10.82636733874054,0.01,3.5859552330072417
10.82636733874054,0.01373823795883263,3.6087241618869705
10.82636733874054,0.018873918221350976,3.6374725356648243
10.82636733874054,0.02592943797404667,3.6763646162771755
10.82636733874054,0.035622478902624426,3.730608871969637
10.82636733874054,0.04893900918477494,3.7838893908672526
10.82636733874054,0.06723357536499334,3.817591211870299
10.82636733874054,0.09236708571873861,3.855676653173847
10.82636733874054,0.12689610031679222,3.911801165112469
10.82636733874054,0.17433288221999882,3.9755971642820356
10.82636733874054,0.2395026619987486,4.02680881806918
10.82636733874054,0.32903445623126676,4.0793981864546165
10.82636733874054,0.4520353656360243,4.132541090996118
10.82636733874054,0.6210169418915616,4.173919218377586
10.82636733874054,0.8531678524172805,4.20516579161606
10.82636733874054,1.1721022975334805,4.2221428404983365
10.82636733874054,1.6102620275609392,4.230640647432386
10.82636733874054,2.212216291070448,4.234315459367064
10.82636733874054,3.039195382313198,4.2349582131976335
10.82636733874054,4.175318936560401,4.233947732929296
10.82636733874054,5.736152510448681,4.23221805103705
10.82636733874054,7.880462815669913,4.230329192383429
10.82636733874054,10.82636733874054,4.228573009670954
10.82636733874054,14.873521072935118,4.227071675143373
10.82636733874054,20.433597178569418,4.225851749688566
10.82636733874054,28.072162039411758,4.2248927083299055
10.82636733874054,38.56620421163472,4.224155462057186
10.82636733874054,52.98316906283707,4.223597466171309
10.82636733874054,72.78953843983146,4.223179746487365
10.82636733874054,100.0,4.222869472005069
14.873521072935118,0.01,4.151569002461125
14.873521072935118,0.01373823795883263,4.177872395843659
14.873521072935118,0.018873918221350976,4.21278100113212
14.873521072935118,0.02592943797404667,4.25948431989661
14.873521072935118,0.035622478902624426,4.316824926030568
14.873521072935118,0.04893900918477494,4.39632482150422
14.873521072935118,0.06723357536499334,4.5077022921049705
14.873521072935118,0.09236708571873861,4.639334905883536
14.873521072935118,0.12689610031679222,4.758236271092055
14.873521072935118,0.17433288221999882,4.860219799022749
14.873521072935118,0.2395026619987486,4.937567774655081
14.873521072935118,0.32903445623126676,4.994201515952517
14.873521072935118,0.4520353656360243,5.030795644380989
14.873521072935118,0.6210169418915616,5.0664821037746695
14.873521072935118,0.8531678524172805,5.083412689592616
14.873521072935118,1.1721022975334805,5.090802673406211
14.873521072935118,1.6102620275609392,5.093611291819939
14.873521072935118,2.212216291070448,5.093310004214159
14.873521072935118,3.039195382313198,5.09121522271816
14.873521072935118,4.175318936560401,5.088063471827398
14.873521072935118,5.736152510448681,5.0822658844056425
14.873521072935118,7.880462815669913,5.076383651111482
14.873521072935118,10.82636733874054,5.071490717759086
14.873521072935118,14.873521072935118,5.0673746129699335
14.873521072935118,20.433597178569418,5.064193944652469
14.873521072935118,28.072162039411758,5.061775236359405
14.873521072935118,38.56620421163472,5.059957475184282
14.873521072935118,52.98316906283707,5.058603082724441
14.873521072935118,72.78953843983146,5.057600289473614
14.873521072935118,100.0,5.056861237280926
20.433597178569418,0.01,5.075311226958535
20.433597178569418,0.01373823795883263,5.112335511848588
20.433597178569418,0.018873918221350976,5.1647217847144535
20.433597178569418,0.02592943797404667,5.236081764071999
20.433597178569418,0.035622478902624426,5.326288882308974
20.433597178569418,0.04893900918477494,5.428150742304893
20.433597178569418,0.06723357536499334,5.543387803734016
20.433597178569418,0.09236708571873861,5.674360946923229
20.433597178569418,0.12689610031679222,5.8255576194550915
20.433597178569418,0.17433288221999882,5.9890886772462455
20.433597178569418,0.2395026619987486,6.146695504331498
20.433597178569418,0.32903445623126676,6.27402920167825
20.433597178569418,0.4520353656360243,6.387122044162322
20.433597178569418,0.6210169418915616,6.486205394020483
20.433597178569418,0.8531678524172805,6.570493427896639
20.433597178569418,1.1721022975334805,6.625838324220875
20.433597178569418,1.6102620275609392,6.654981360201792
20.433597178569418,2.212216291070448,6.668083772575682
20.433597178569418,3.039195382313198,6.670171607391661
20.433597178569418,4.175318936560401,6.667684302736909
20.433597178569418,5.736152510448681,6.662928526515833
20.433597178569418,7.880462815669913,6.65881718081072
20.433597178569418,10.82636733874054,6.655481278791721
20.433597178569418,14.873521072935118,6.652850584961759
20.433597178569418,20.433597178569418,6.65081946085211
20.433597178569418,28.072162039411758,6.649275643004486
20.433597178569418,38.56620421163472,6.648115712941508
20.433597178569418,52.98316906283707,6.647251599317334
20.433597178569418,72.78953843983146,6.6466118693069
20.433597178569418,100.0,6.6461404196297496
28.072162039411758,0.01,6.599620224235262
28.072162039411758,0.01373823795883263,6.643833026856105
28.072162039411758,0.018873918221350976,6.70257722703717
28.072162039411758,0.02592943797404667,6.778978060227468
28.072162039411758,0.035622478902624426,6.876649799270176
28.072162039411758,0.04893900918477494,6.998882576505399
28.072162039411758,0.06723357536499334,7.147840259388213
28.072162039411758,0.09236708571873861,7.3238354368122955
28.072162039411758,0.12689610031679222,7.514884848289411
28.072162039411758,0.17433288221999882,7.6990028640972215
28.072162039411758,0.2395026619987486,7.875920483224557
28.072162039411758,0.32903445623126676,8.04925335226503
28.072162039411758,0.4520353656360243,8.206566365951424
28.072162039411758,0.6210169418915616,8.343634080560498
28.072162039411758,0.8531678524172805,8.46572882766604
28.072162039411758,1.1721022975334805,8.5690184116774
28.072162039411758,1.6102620275609392,8.655553474342392
28.072162039411758,2.212216291070448,8.72661300853456
28.072162039411758,3.039195382313198,8.779840774900297
28.072162039411758,4.175318936560401,8.819461540996457
28.072162039411758,5.736152510448681,8.8480003945301
28.072162039411758,7.880462815669913,8.869368177301983
28.072162039411758,10.82636733874054,8.885438762544734
28.072162039411758,14.873521072935118,8.897574545113393
28.072162039411758,20.433597178569418,8.90665382808735
28.072162039411758,28.072162039411758,8.91339839528625
28.072162039411758,38.56620421163472,8.91835281047016
28.072162039411758,52.98316906283707,8.921770392958248
28.072162039411758,72.78953843983146,8.924278691682202
28.072162039411758,100.0,8.926115551588456
38.56620421163472,0.01,9.309574353067692
38.56620421163472,0.01373823795883263,9.332896344789415
38.56620421163472,0.018873918221350976,9.363849137571084
38.56620421163472,0.02592943797404667,9.404194537289483
38.56620421163472,0.035622478902624426,9.45606854524081
38.56620421163472,0.04893900918477494,9.521293784257276
38.56620421163472,0.06723357536499334,9.601065024588715
38.56620421163472,0.09236708571873861,9.695581322091357
38.56620421163472,0.12689610031679222,9.803339502989328
38.56620421163472,0.17433288221999882,9.919127166605449
38.56620421163472,0.2395026619987486,10.037821277644921
38.56620421163472,0.32903445623126676,10.150923809338453
38.56620421163472,0.4520353656360243,10.257534678849854
38.56620421163472,0.6210169418915616,10.354005256415189
38.56620421163472,0.8531678524172805,10.437489637465756
38.56620421163472,1.1721022975334805,10.508328351527895
38.56620421163472,1.6102620275609392,10.56669988858317
38.56620421163472,2.212216291070448,10.613586708184169
38.56620421163472,3.039195382313198,10.650444754657485
38.56620421163472,4.175318936560401,10.678909853601741
38.56620421163472,5.736152510448681,10.700582934188693
38.56620421163472,7.880462815669913,10.716901697582315
38.56620421163472,10.82636733874054,10.729083824573179
38.56620421163472,14.873521072935118,10.738118741609965
38.56620421163472,20.433597178569418,10.74478672382266
38.56620421163472,28.072162039411758,10.749689886718416
38.56620421163472,38.56620421163472,10.753285570841106
38.56620421163472,52.98316906283707,10.755917166112086
38.56620421163472,72.78953843983146,10.757840342373324
38.56620421163472,100.0,10.759244292769583
52.98316906283707,0.01,11.361485445538385
52.98316906283707,0.01373823795883263,11.361485445538385
52.98316906283707,0.018873918221350976,11.361485445538385
52.98316906283707,0.02592943797404667,11.361485445538385
52.98316906283707,0.035622478902624426,11.361485445538385
52.98316906283707,0.04893900918477494,11.361485445538385
52.98316906283707,0.06723357536499334,11.361485445538385
52.98316906283707,0.09236708571873861,11.361485445538385
52.98316906283707,0.12689610031679222,11.361485445538385
52.98316906283707,0.17433288221999882,11.361485445538385
52.98316906283707,0.2395026619987486,11.361485445538385
52.98316906283707,0.32903445623126676,11.361485445538385
52.98316906283707,0.4520353656360243,11.361485445538385
52.98316906283707,0.6210169418915616,11.361485445538385
52.98316906283707,0.8531678524172805,11.361485445538385
52.98316906283707,1.1721022975334805,11.361485445538385
52.98316906283707,1.6102620275609392,11.361485445538385
52.98316906283707,2.212216291070448,11.361485445538385
52.98316906283707,3.039195382313198,11.361485445538385
52.98316906283707,4.175318936560401,11.361485445538385
52.98316906283707,5.736152510448681,11.361485445538385
52.98316906283707,7.880462815669913,11.361485445538385
52.98316906283707,10.82636733874054,11.361485445538385
52.98316906283707,14.873521072935118,11.361485445538385
52.98316906283707,20.433597178569418,11.361485445538385
52.98316906283707,28.072162039411758,11.361485445538385
52.98316906283707,38.56620421163472,11.361485445538385
52.98316906283707,52.98316906283707,11.361485445538385
52.98316906283707,72.78953843983146,11.361485445538385
52.98316906283707,100.0,11.361485445538385
72.78953843983146,0.01,11.361485445538385
72.78953843983146,0.01373823795883263,11.361485445538385
72.78953843983146,0.018873918221350976,11.361485445538385
72.78953843983146,0.02592943797404667,11.361485445538385
72.78953843983146,0.035622478902624426,11.361485445538385
72.78953843983146,0.04893900918477494,11.361485445538385
72.78953843983146,0.06723357536499334,11.361485445538385
72.78953843983146,0.09236708571873861,11.361485445538385
72.78953843983146,0.12689610031679222,11.361485445538385
72.78953843983146,0.17433288221999882,11.361485445538385
72.78953843983146,0.2395026619987486,11.361485445538385
72.78953843983146,0.32903445623126676,11.361485445538385
72.78953843983146,0.4520353656360243,11.361485445538385
72.78953843983146,0.6210169418915616,11.361485445538385
72.78953843983146,0.8531678524172805,11.361485445538385
72.78953843983146,1.1721022975334805,11.361485445538385
72.78953843983146,1.6102620275609392,11.361485445538385
72.78953843983146,2.212216291070448,11.361485445538385
72.78953843983146,3.039195382313198,11.361485445538385
72.78953843983146,4.175318936560401,11.361485445538385
72.78953843983146,5.736152510448681,11.361485445538385
72.78953843983146,7.880462815669913,11.361485445538385
72.78953843983146,10.82636733874054,11.361485445538385
72.78953843983146,14.873521072935118,11.361485445538385
72.78953843983146,20.433597178569418,11.361485445538385
72.78953843983146,28.072162039411758,11.361485445538385
72.78953843983146,38.56620421163472,11.361485445538385
72.78953843983146,52.98316906283707,11.361485445538385
72.78953843983146,72.78953843983146,11.361485445538385
72.78953843983146,100.0,11.361485445538385
100.0,0.01,11.361485445538385
100.0,0.01373823795883263,11.361485445538385
100.0,0.018873918221350976,11.361485445538385
100.0,0.02592943797404667,11.361485445538385
100.0,0.035622478902624426,11.361485445538385
100.0,0.04893900918477494,11.361485445538385
100.0,0.06723357536499334,11.361485445538385
100.0,0.09236708571873861,11.361485445538385
100.0,0.12689610031679222,11.361485445538385
100.0,0.17433288221999882,11.361485445538385
100.0,0.2395026619987486,11.361485445538385
100.0,0.32903445623126676,11.361485445538385
100.0,0.4520353656360243,11.361485445538385
100.0,0.6210169418915616,11.361485445538385
100.0,0.8531678524172805,11.361485445538385
100.0,1.1721022975334805,11.361485445538385
100.0,1.6102620275609392,11.361485445538385
100.0,2.212216291070448,11.361485445538385
100.0,3.039195382313198,11.361485445538385
100.0,4.175318936560401,11.361485445538385
100.0,5.736152510448681,11.361485445538385
100.0,7.880462815669913,11.361485445538385
100.0,10.82636733874054,11.361485445538385
100.0,14.873521072935118,11.361485445538385
100.0,20.433597178569418,11.361485445538385
100.0,28.072162039411758,11.361485445538385
100.0,38.56620421163472,11.361485445538385
100.0,52.98316906283707,11.361485445538385
100.0,72.78953843983146,11.361485445538385
100.0,100.0,11.361485445538385
